NUM_INST,ALEA,TIME_ALEA,PCM,TIME_PCM,ACPM,TIME_ACPM,OPT
8,212137556847659844681,15.836153984069824,inf,300.02842903137207,381,164.64132714271545,509
