NUM_INST,ALEA,TIME_ALEA,PCM,TIME_PCM,ACPM,TIME_ACPM,OPT
1,719423018874672513106,5.441443920135498,inf,300.00128197669983,85,79.86442995071411,144
2,645636042579834306709,10.17795705795288,inf,300.0158290863037,147,120.06850099563599,754
